file_name,slice_num,ssim,psnr,nmse
file_brain_AXT2_200_2000078.h5,0,0.9406749943025368,35.627235412597656,0.006229599006474018
file_brain_AXT2_200_2000078.h5,1,0.946993180371357,36.2344970703125,0.0054756165482103825
file_brain_AXT2_200_2000078.h5,2,0.9470198146176667,36.355384826660156,0.004496805369853973
file_brain_AXT2_200_2000078.h5,3,0.9501207065708254,36.580909729003906,0.003975136671215296
file_brain_AXT2_200_2000078.h5,4,0.9547961672451892,36.909088134765625,0.0038104054983705282
file_brain_AXT2_200_2000078.h5,5,0.9569822398359813,37.182029724121094,0.0036173465196043253
file_brain_AXT2_200_2000078.h5,6,0.9577320600965025,36.86920166015625,0.003346024313941598
file_brain_AXT2_200_2000078.h5,7,0.9570904638529059,36.95793914794922,0.003268376924097538
file_brain_AXT2_200_2000078.h5,8,0.9580803851032288,36.94127655029297,0.0031173296738415956
file_brain_AXT2_200_2000078.h5,9,0.9547123919561309,36.94542694091797,0.0032811162527650595
file_brain_AXT2_200_2000078.h5,10,0.9543207387695022,37.15271759033203,0.0031642643734812737
file_brain_AXT2_200_2000078.h5,11,0.9534208145451503,37.88423156738281,0.0028421117458492517
file_brain_AXT2_200_2000078.h5,12,0.9524517476751274,38.484619140625,0.0027578999288380146
file_brain_AXT2_200_2000078.h5,13,0.9460473358754437,38.72325134277344,0.00475437892600894
file_brain_AXT2_200_2000078.h5,14,0.9437130076773493,38.99043273925781,0.007063619326800108
file_brain_AXT2_200_2000078.h5,15,0.9485456758382812,40.430076599121094,0.009673673659563065
file_brain_AXT2_200_2000130.h5,0,0.9456214794489219,35.15983581542969,0.004905734211206436
file_brain_AXT2_200_2000130.h5,1,0.9485566537655064,35.353973388671875,0.004673375282436609
file_brain_AXT2_200_2000130.h5,2,0.9486182399129506,35.703163146972656,0.0041205668821930885
file_brain_AXT2_200_2000130.h5,3,0.9547553261586353,36.966285705566406,0.003329058177769184
file_brain_AXT2_200_2000130.h5,4,0.9555184316659412,37.34092712402344,0.0032547188457101583
file_brain_AXT2_200_2000130.h5,5,0.9569754801447231,37.96467590332031,0.003670282429084182
file_brain_AXT2_200_2000130.h5,6,0.9551080665922053,38.089996337890625,0.004408578854054213
file_brain_AXT2_200_2000130.h5,7,0.9534864836477218,38.29377746582031,0.005042264237999916
file_brain_AXT2_200_2000130.h5,8,0.9510826299063934,38.153961181640625,0.005616988055408001
file_brain_AXT2_200_2000130.h5,9,0.9511027554147082,38.483543395996094,0.0057686930522322655
file_brain_AXT2_200_2000130.h5,10,0.9500814403381945,38.74932861328125,0.0065346816554665565
file_brain_AXT2_200_2000130.h5,11,0.9522058897815047,39.601776123046875,0.006590995937585831
file_brain_AXT2_200_2000130.h5,12,0.9540026041524693,40.2664794921875,0.00812913104891777
file_brain_AXT2_200_2000130.h5,13,0.9582051765170516,41.75678253173828,0.010924266651272774
file_brain_AXT2_200_2000130.h5,14,0.9662093734768565,44.327545166015625,0.019022278487682343
file_brain_AXT2_200_2000130.h5,15,0.9705040286309724,45.61351776123047,0.0268498957157135
file_brain_AXT2_200_2000133.h5,0,0.9598841790297182,36.878990173339844,0.004243248142302036
file_brain_AXT2_200_2000133.h5,1,0.9625581023180634,37.206634521484375,0.004114577081054449
file_brain_AXT2_200_2000133.h5,2,0.966207158938598,37.81330871582031,0.003529384033754468
file_brain_AXT2_200_2000133.h5,3,0.967370868254576,38.541587829589844,0.0035029184073209763
file_brain_AXT2_200_2000133.h5,4,0.9666940171151924,38.47089385986328,0.0033827798906713724
file_brain_AXT2_200_2000133.h5,5,0.9670824550925026,38.263153076171875,0.0035199925769120455
file_brain_AXT2_200_2000133.h5,6,0.9669881886820685,38.230438232421875,0.003288835985586047
file_brain_AXT2_200_2000133.h5,7,0.9658192889104871,38.20953369140625,0.0033416077494621277
file_brain_AXT2_200_2000133.h5,8,0.9659161571489354,38.10627746582031,0.003227744484320283
file_brain_AXT2_200_2000133.h5,9,0.9667571897540731,38.124305725097656,0.003024140140041709
file_brain_AXT2_200_2000133.h5,10,0.9660790249532945,38.40119934082031,0.002664441242814064
file_brain_AXT2_200_2000133.h5,11,0.9654973134169725,38.70221710205078,0.0026377267204225063
file_brain_AXT2_200_2000133.h5,12,0.9630834435815432,39.02568054199219,0.0033696345053613186
file_brain_AXT2_200_2000133.h5,13,0.9613278741188869,40.377342224121094,0.0044943057000637054
file_brain_AXT2_200_2000133.h5,14,0.9637788820452668,42.357940673828125,0.007092176470905542
file_brain_AXT2_200_2000133.h5,15,0.9722271371764845,45.663169860839844,0.021967332810163498
file_brain_AXT2_200_2000223.h5,0,0.9540516917802079,37.2215576171875,0.005182482302188873
file_brain_AXT2_200_2000223.h5,1,0.9576568914246408,37.29798126220703,0.005195885896682739
file_brain_AXT2_200_2000223.h5,2,0.9583302701553981,37.15795135498047,0.005107137840241194
file_brain_AXT2_200_2000223.h5,3,0.960846453080864,37.45800018310547,0.0044862981885671616
file_brain_AXT2_200_2000223.h5,4,0.9625076617302408,37.941009521484375,0.003875217866152525
file_brain_AXT2_200_2000223.h5,5,0.9648212035557593,38.600425720214844,0.0033944440074265003
file_brain_AXT2_200_2000223.h5,6,0.9652742004975259,38.95299530029297,0.00317233894020319
file_brain_AXT2_200_2000223.h5,7,0.96709781597155,39.373291015625,0.003035804722458124
file_brain_AXT2_200_2000223.h5,8,0.9661424703823099,39.44355010986328,0.003048182465136051
file_brain_AXT2_200_2000223.h5,9,0.9650511190590675,39.594970703125,0.0033568046055734158
file_brain_AXT2_200_2000223.h5,10,0.9649789702524008,40.110809326171875,0.003151075914502144
file_brain_AXT2_200_2000223.h5,11,0.9650623333160319,41.08173370361328,0.0028994837775826454
file_brain_AXT2_200_2000223.h5,12,0.9644384116249154,41.7354736328125,0.00275368127040565
file_brain_AXT2_200_2000223.h5,13,0.9589943193399421,41.707740783691406,0.004066421650350094
file_brain_AXT2_200_2000223.h5,14,0.958412987843032,42.094017028808594,0.005104421637952328
file_brain_AXT2_200_2000223.h5,15,0.9647967328561916,43.12177276611328,0.008171365596354008
file_brain_AXT2_200_2000256.h5,0,0.910494713085783,34.629276275634766,0.008161378093063831
file_brain_AXT2_200_2000256.h5,1,0.9005515249871368,34.35831069946289,0.009094785898923874
file_brain_AXT2_200_2000256.h5,2,0.9097588585336903,34.33438491821289,0.006863962393254042
file_brain_AXT2_200_2000256.h5,3,0.908783558036909,34.49177932739258,0.006918815895915031
file_brain_AXT2_200_2000256.h5,4,0.9159957087815709,35.49020004272461,0.0054153623059391975
file_brain_AXT2_200_2000256.h5,5,0.9304450988290067,36.73305892944336,0.004941228777170181
file_brain_AXT2_200_2000256.h5,6,0.939026276946231,37.1508903503418,0.004890983924269676
file_brain_AXT2_200_2000256.h5,7,0.9359285279319586,37.51779556274414,0.005542511120438576
file_brain_AXT2_200_2000256.h5,8,0.9371706245488627,37.486942291259766,0.005324722733348608
file_brain_AXT2_200_2000256.h5,9,0.9389088679264648,37.99429702758789,0.005566987209022045
file_brain_AXT2_200_2000256.h5,10,0.9340214199697539,37.8083381652832,0.006192849017679691
file_brain_AXT2_200_2000256.h5,11,0.9399852897507553,38.76044845581055,0.006379148922860622
file_brain_AXT2_200_2000256.h5,12,0.9477252933220152,40.18710708618164,0.005553054623305798
file_brain_AXT2_200_2000256.h5,13,0.9575635405921782,42.171268463134766,0.006361863110214472
file_brain_AXT2_200_2000256.h5,14,0.9636824471332321,43.396297454833984,0.014212898910045624
file_brain_AXT2_200_2000256.h5,15,0.9737871259803063,45.85402297973633,0.021563822403550148
file_brain_AXT2_200_2000300.h5,0,0.9435296344726777,34.61500549316406,0.005222161766141653
file_brain_AXT2_200_2000300.h5,1,0.9493108568755656,35.490440368652344,0.004563448950648308
file_brain_AXT2_200_2000300.h5,2,0.9508273574786812,35.82501983642578,0.003794203046709299
file_brain_AXT2_200_2000300.h5,3,0.9547131388212442,36.33451843261719,0.003219407983124256
file_brain_AXT2_200_2000300.h5,4,0.9587363481211448,36.76478576660156,0.0028355251997709274
file_brain_AXT2_200_2000300.h5,5,0.9593080445251543,37.13777160644531,0.0027552773244678974
file_brain_AXT2_200_2000300.h5,6,0.9593495726165661,36.744110107421875,0.0027538128197193146
file_brain_AXT2_200_2000300.h5,7,0.9598864497046034,37.01951599121094,0.0027107892092317343
file_brain_AXT2_200_2000300.h5,8,0.9556141720198168,36.93041229248047,0.0026860316284000874
file_brain_AXT2_200_2000300.h5,9,0.9521708748378598,37.37310791015625,0.0027123824693262577
file_brain_AXT2_200_2000300.h5,10,0.9510213655444857,37.77723693847656,0.0024971538223326206
file_brain_AXT2_200_2000300.h5,11,0.9523972358360445,38.08173370361328,0.0027152278926223516
file_brain_AXT2_200_2000300.h5,12,0.9495743790051723,37.55723571777344,0.0033261324279010296
file_brain_AXT2_200_2000300.h5,13,0.9530786954440065,39.32347869873047,0.004505827557295561
file_brain_AXT2_200_2000300.h5,14,0.9549716471641299,41.099456787109375,0.010985004715621471
file_brain_AXT2_200_2000300.h5,15,0.964315365332301,43.53020477294922,0.01848437264561653
file_brain_AXT2_200_2000309.h5,0,0.9620904337256329,37.68362808227539,0.004862384870648384
file_brain_AXT2_200_2000309.h5,1,0.9636842858674195,38.165348052978516,0.0040718261152505875
file_brain_AXT2_200_2000309.h5,2,0.9650168329680525,38.47597122192383,0.00368550606071949
file_brain_AXT2_200_2000309.h5,3,0.9663613601190973,38.84746170043945,0.0038975051138550043
file_brain_AXT2_200_2000309.h5,4,0.9674962432031399,39.013973236083984,0.0035784307401627302
file_brain_AXT2_200_2000309.h5,5,0.9653702902398857,38.69192886352539,0.003673829138278961
file_brain_AXT2_200_2000309.h5,6,0.9624477012341885,38.53679275512695,0.0036763930693268776
file_brain_AXT2_200_2000309.h5,7,0.9613351468500574,38.810672760009766,0.0035062485840171576
file_brain_AXT2_200_2000309.h5,8,0.9599347625514241,38.571537017822266,0.003390314057469368
file_brain_AXT2_200_2000309.h5,9,0.9609485322333735,38.83646774291992,0.0031636268831789494
file_brain_AXT2_200_2000309.h5,10,0.9599424134052473,38.584712982177734,0.003084978088736534
file_brain_AXT2_200_2000309.h5,11,0.9605731395918005,38.46583938598633,0.003692086786031723
file_brain_AXT2_200_2000309.h5,12,0.962871757375712,40.327762603759766,0.004194756504148245
file_brain_AXT2_200_2000309.h5,13,0.9650045162053194,42.57484817504883,0.009308469481766224
file_brain_AXT2_200_2000309.h5,14,0.9735278982583995,45.3505744934082,0.01856073923408985
file_brain_AXT2_200_2000309.h5,15,0.977790498226865,46.87746047973633,0.028200063854455948
file_brain_AXT2_200_2000350.h5,0,0.958230401486869,37.09572219848633,0.005003216210752726
file_brain_AXT2_200_2000350.h5,1,0.959094409924285,37.084537506103516,0.004647824447602034
file_brain_AXT2_200_2000350.h5,2,0.960304727124706,36.89711380004883,0.0043935710564255714
file_brain_AXT2_200_2000350.h5,3,0.9639667006282945,37.786380767822266,0.0037269515451043844
file_brain_AXT2_200_2000350.h5,4,0.9671523795657502,38.20480728149414,0.003467444097623229
file_brain_AXT2_200_2000350.h5,5,0.9676353733047655,38.201847076416016,0.0033815742935985327
file_brain_AXT2_200_2000350.h5,6,0.9679755909414941,37.701229095458984,0.0031246887519955635
file_brain_AXT2_200_2000350.h5,7,0.9676832559514432,37.400203704833984,0.0030246186070144176
file_brain_AXT2_200_2000350.h5,8,0.9661895125794745,36.98434066772461,0.0028817716520279646
file_brain_AXT2_200_2000350.h5,9,0.9652137030268781,37.127933502197266,0.002673226175829768
file_brain_AXT2_200_2000350.h5,10,0.9650358630064199,37.04520797729492,0.0025610621087253094
file_brain_AXT2_200_2000350.h5,11,0.962658303939716,37.3687629699707,0.0023978310637176037
file_brain_AXT2_200_2000350.h5,12,0.960047766737324,37.33565139770508,0.0023375179152935743
file_brain_AXT2_200_2000350.h5,13,0.9565784869171184,37.52419662475586,0.0030190872494131327
file_brain_AXT2_200_2000350.h5,14,0.956847901801325,38.2327995300293,0.0050438339821994305
file_brain_AXT2_200_2000350.h5,15,0.9577974545513392,38.16353988647461,0.00617719441652298
file_brain_AXT2_200_2000358.h5,0,0.9540915777493325,36.40391159057617,0.004435451235622168
file_brain_AXT2_200_2000358.h5,1,0.9513819244591736,36.35954666137695,0.004176319111138582
file_brain_AXT2_200_2000358.h5,2,0.9573687966893086,36.73477554321289,0.003402817528694868
file_brain_AXT2_200_2000358.h5,3,0.9553681436451622,37.1833381652832,0.0034325954038649797
file_brain_AXT2_200_2000358.h5,4,0.9609989500905249,38.18295669555664,0.0028410570230334997
file_brain_AXT2_200_2000358.h5,5,0.962967409551595,38.5826301574707,0.0033176641445606947
file_brain_AXT2_200_2000358.h5,6,0.9650344942905233,39.02499771118164,0.0034265294671058655
file_brain_AXT2_200_2000358.h5,7,0.9607320328662047,39.06936264038086,0.003507208777591586
file_brain_AXT2_200_2000358.h5,8,0.962129720791694,39.42007827758789,0.0032802133355289698
file_brain_AXT2_200_2000358.h5,9,0.9604460986649153,39.68513870239258,0.0038613388314843178
file_brain_AXT2_200_2000358.h5,10,0.9621691916427639,40.29452896118164,0.0037794567178934813
file_brain_AXT2_200_2000358.h5,11,0.9625569490160527,41.00394821166992,0.0038103924598544836
file_brain_AXT2_200_2000358.h5,12,0.9657838142290563,42.1018180847168,0.0037586588878184557
file_brain_AXT2_200_2000358.h5,13,0.967302285623903,43.113399505615234,0.005196460522711277
file_brain_AXT2_200_2000358.h5,14,0.9729362432655281,45.151248931884766,0.007986688986420631
file_brain_AXT2_200_2000358.h5,15,0.9789000458750117,47.0653190612793,0.02062206156551838
file_brain_AXT2_200_2000405.h5,0,0.9372451687835398,34.28874206542969,0.005412527825683355
file_brain_AXT2_200_2000405.h5,1,0.9371623458647907,34.29222106933594,0.005092003848403692
file_brain_AXT2_200_2000405.h5,2,0.9384576102130138,34.55913543701172,0.0045309970155358315
file_brain_AXT2_200_2000405.h5,3,0.9441797266065862,35.74701690673828,0.003919480834156275
file_brain_AXT2_200_2000405.h5,4,0.9500034935031263,36.09466552734375,0.0037218243815004826
file_brain_AXT2_200_2000405.h5,5,0.9471931838290821,36.05933380126953,0.004444149788469076
file_brain_AXT2_200_2000405.h5,6,0.9503132252837083,36.360679626464844,0.004163186997175217
file_brain_AXT2_200_2000405.h5,7,0.9495949697215831,36.390769958496094,0.004284537862986326
file_brain_AXT2_200_2000405.h5,8,0.9493921325386578,36.16754913330078,0.004294826649129391
file_brain_AXT2_200_2000405.h5,9,0.9497835622045098,36.59734344482422,0.004108637571334839
file_brain_AXT2_200_2000405.h5,10,0.9523612520269402,36.80006408691406,0.0035621640272438526
file_brain_AXT2_200_2000405.h5,11,0.9561328578135871,37.92236328125,0.003005110425874591
file_brain_AXT2_200_2000405.h5,12,0.9541942792485448,38.390106201171875,0.0029499558731913567
file_brain_AXT2_200_2000405.h5,13,0.9498675854061923,39.56676483154297,0.003945706412196159
file_brain_AXT2_200_2000405.h5,14,0.9459338130906518,40.33137512207031,0.005283807870000601
file_brain_AXT2_200_2000405.h5,15,0.9495853796305905,41.18983459472656,0.008174913004040718
file_brain_AXT2_200_2000519.h5,0,0.967221735052481,39.29869842529297,0.0036843919660896063
file_brain_AXT2_200_2000519.h5,1,0.9688321773742319,39.876792907714844,0.003390494966879487
file_brain_AXT2_200_2000519.h5,2,0.9694707033650447,39.781410217285156,0.0038147077430039644
file_brain_AXT2_200_2000519.h5,3,0.9694602510252955,40.196189880371094,0.003709999145939946
file_brain_AXT2_200_2000519.h5,4,0.9695057758645259,40.212730407714844,0.0036953154485672712
file_brain_AXT2_200_2000519.h5,5,0.9705755688750097,40.34326171875,0.0038603644352406263
file_brain_AXT2_200_2000519.h5,6,0.9705418366760983,40.459556579589844,0.003845041384920478
file_brain_AXT2_200_2000519.h5,7,0.9704402457490848,40.48101043701172,0.0040775747038424015
file_brain_AXT2_200_2000519.h5,8,0.972040874845761,41.10283660888672,0.003880693344399333
file_brain_AXT2_200_2000519.h5,9,0.9735242138053212,41.828407287597656,0.0036523055750876665
file_brain_AXT2_200_2000519.h5,10,0.9730256653590684,42.30773162841797,0.004080161917954683
file_brain_AXT2_200_2000519.h5,11,0.9695765092779859,42.90528869628906,0.005778892431408167
file_brain_AXT2_200_2000519.h5,12,0.9731886005038236,44.33348846435547,0.006806576158851385
file_brain_AXT2_200_2000519.h5,13,0.9814547672446904,46.896812438964844,0.012122624553740025
file_brain_AXT2_200_2000519.h5,14,0.9869894444483583,49.291778564453125,0.02498571202158928
file_brain_AXT2_200_2000519.h5,15,0.9854831026710559,48.89763641357422,0.03338015452027321
file_brain_AXT2_200_2000577.h5,0,0.9487782374808308,36.23023223876953,0.005505767185240984
file_brain_AXT2_200_2000577.h5,1,0.9504211955584883,36.443397521972656,0.0050410316325724125
file_brain_AXT2_200_2000577.h5,2,0.9508327258088453,36.814659118652344,0.0043865954503417015
file_brain_AXT2_200_2000577.h5,3,0.9571760804815275,37.530181884765625,0.0037766441237181425
file_brain_AXT2_200_2000577.h5,4,0.958915264051468,37.937713623046875,0.0035455215256661177
file_brain_AXT2_200_2000577.h5,5,0.9606261678072342,38.35405731201172,0.003631355008110404
file_brain_AXT2_200_2000577.h5,6,0.9593870726634866,38.305023193359375,0.003720518434420228
file_brain_AXT2_200_2000577.h5,7,0.9623876409379535,38.497962951660156,0.0037358743138611317
file_brain_AXT2_200_2000577.h5,8,0.9637151417191323,38.365028381347656,0.003361230017617345
file_brain_AXT2_200_2000577.h5,9,0.964113453223307,38.51739501953125,0.0031982038635760546
file_brain_AXT2_200_2000577.h5,10,0.963112324696091,38.56048583984375,0.0031952434219419956
file_brain_AXT2_200_2000577.h5,11,0.963512605404697,39.22479248046875,0.0028248107992112637
file_brain_AXT2_200_2000577.h5,12,0.9599271768904241,38.986480712890625,0.0028872317634522915
file_brain_AXT2_200_2000577.h5,13,0.9598592080980035,39.069984436035156,0.004040644504129887
file_brain_AXT2_200_2000577.h5,14,0.9624888218125836,41.251007080078125,0.005286159925162792
file_brain_AXT2_200_2000577.h5,15,0.9669943902943768,43.464073181152344,0.008175714872777462
file_brain_AXT2_200_6002020.h5,0,0.9565358062238418,36.35647201538086,0.0034453338012099266
file_brain_AXT2_200_6002020.h5,1,0.9583592400169231,36.7017936706543,0.003337911795824766
file_brain_AXT2_200_6002020.h5,2,0.9602659693974371,37.01118087768555,0.003119473345577717
file_brain_AXT2_200_6002020.h5,3,0.9617063462854494,37.5661735534668,0.003231403650715947
file_brain_AXT2_200_6002020.h5,4,0.9617630992444866,37.66500473022461,0.0033268537372350693
file_brain_AXT2_200_6002020.h5,5,0.9615989845998972,37.58462142944336,0.003307392355054617
file_brain_AXT2_200_6002020.h5,6,0.9609867444814676,37.18915939331055,0.003133729798719287
file_brain_AXT2_200_6002020.h5,7,0.960862531837561,37.35285568237305,0.00290857907384634
file_brain_AXT2_200_6002020.h5,8,0.9594821343013091,37.24570846557617,0.0028774046804755926
file_brain_AXT2_200_6002020.h5,9,0.9594490558306897,37.34501266479492,0.0029010269790887833
file_brain_AXT2_200_6002020.h5,10,0.9603418202657411,37.36640548706055,0.0027569029480218887
file_brain_AXT2_200_6002020.h5,11,0.9610438112574143,37.4774284362793,0.002923005959019065
file_brain_AXT2_200_6002020.h5,12,0.9616105531009576,37.54189682006836,0.0033680254127830267
file_brain_AXT2_200_6002020.h5,13,0.964051110525059,39.35432052612305,0.0038758404552936554
file_brain_AXT2_200_6002020.h5,14,0.9673396970446333,42.34232711791992,0.008231538347899914
file_brain_AXT2_200_6002020.h5,15,0.9722888788914291,45.5495719909668,0.023222438991069794
file_brain_AXT2_200_6002148.h5,0,0.9487474830301265,36.56875228881836,0.0046807401813566685
file_brain_AXT2_200_6002148.h5,1,0.9501401476197419,36.832279205322266,0.005001373589038849
file_brain_AXT2_200_6002148.h5,2,0.9526693672416706,36.708003997802734,0.004785507917404175
file_brain_AXT2_200_6002148.h5,3,0.95447086108386,37.108646392822266,0.004337743856012821
file_brain_AXT2_200_6002148.h5,4,0.9547214740810857,37.168338775634766,0.004070918541401625
file_brain_AXT2_200_6002148.h5,5,0.9571906220575586,37.51662063598633,0.0037594016175717115
file_brain_AXT2_200_6002148.h5,6,0.9561836393898732,37.41238784790039,0.003680214285850525
file_brain_AXT2_200_6002148.h5,7,0.9557044732174135,37.60879135131836,0.003442303743213415
file_brain_AXT2_200_6002148.h5,8,0.9530513322173194,37.4310188293457,0.0032814957667142153
file_brain_AXT2_200_6002148.h5,9,0.9525043619783706,37.5827751159668,0.003190447809174657
file_brain_AXT2_200_6002148.h5,10,0.9509808066502214,37.54142379760742,0.003209575079381466
file_brain_AXT2_200_6002148.h5,11,0.9506763897749834,37.948123931884766,0.0030202048365026712
file_brain_AXT2_200_6002148.h5,12,0.9547314190931668,38.79977798461914,0.0026147509925067425
file_brain_AXT2_200_6002148.h5,13,0.9591419790659029,39.729801177978516,0.002255974104627967
file_brain_AXT2_200_6002148.h5,14,0.9638807860393258,40.09315872192383,0.0023152243811637163
file_brain_AXT2_200_6002148.h5,15,0.9665054999902011,40.691158294677734,0.0024887395557016134
file_brain_AXT2_200_6002266.h5,0,0.9625792594233348,38.80530548095703,0.006707982625812292
file_brain_AXT2_200_6002266.h5,1,0.9649845486978691,38.946014404296875,0.005893406458199024
file_brain_AXT2_200_6002266.h5,2,0.9672113620209815,38.84283447265625,0.005051162093877792
file_brain_AXT2_200_6002266.h5,3,0.9695213595953659,38.810264587402344,0.004795929882675409
file_brain_AXT2_200_6002266.h5,4,0.9709593133767064,38.84333038330078,0.004486504476517439
file_brain_AXT2_200_6002266.h5,5,0.9715912029390442,38.79143524169922,0.004317634738981724
file_brain_AXT2_200_6002266.h5,6,0.9706753143421206,38.19823455810547,0.00412752665579319
file_brain_AXT2_200_6002266.h5,7,0.9689548311393673,37.891632080078125,0.004032887052744627
file_brain_AXT2_200_6002266.h5,8,0.9668730443315751,37.31169128417969,0.0040575298480689526
file_brain_AXT2_200_6002266.h5,9,0.9646740335858145,36.986183166503906,0.004221361596137285
file_brain_AXT2_200_6002266.h5,10,0.9599365086832516,36.41191864013672,0.004269130993634462
file_brain_AXT2_200_6002266.h5,11,0.9544513661281632,36.021766662597656,0.004570461343973875
file_brain_AXT2_200_6002266.h5,12,0.949416568822492,35.780845642089844,0.004579941276460886
file_brain_AXT2_200_6002266.h5,13,0.9497475222333727,36.09662628173828,0.004710806999355555
file_brain_AXT2_200_6002266.h5,14,0.9525862583317379,37.09484100341797,0.005850836634635925
file_brain_AXT2_200_6002266.h5,15,0.9596338595322821,38.83393859863281,0.007799736689776182
file_brain_AXT2_200_6002351.h5,0,0.9529637462312517,36.28170394897461,0.0057036359794437885
file_brain_AXT2_200_6002351.h5,1,0.9555933642304821,36.65724563598633,0.004966785665601492
file_brain_AXT2_200_6002351.h5,2,0.9591988062181517,36.82796859741211,0.004216918256133795
file_brain_AXT2_200_6002351.h5,3,0.9597008572086925,37.50931167602539,0.0038432616274803877
file_brain_AXT2_200_6002351.h5,4,0.961212079799141,38.05205154418945,0.003753062104806304
file_brain_AXT2_200_6002351.h5,5,0.9618981885924819,38.239322662353516,0.0037739246618002653
file_brain_AXT2_200_6002351.h5,6,0.960913483923137,38.00064468383789,0.003464068751782179
file_brain_AXT2_200_6002351.h5,7,0.960717656758509,38.1438102722168,0.0032573030330240726
file_brain_AXT2_200_6002351.h5,8,0.960480217955862,38.179691314697266,0.003018953138962388
file_brain_AXT2_200_6002351.h5,9,0.9580117787184028,38.23361587524414,0.003247601445764303
file_brain_AXT2_200_6002351.h5,10,0.9543610140509692,38.265872955322266,0.003595720510929823
file_brain_AXT2_200_6002351.h5,11,0.956407992435122,38.90888595581055,0.003518423531204462
file_brain_AXT2_200_6002351.h5,12,0.9560478102387996,39.05417251586914,0.003654393134638667
file_brain_AXT2_200_6002351.h5,13,0.9577794345114343,40.48374557495117,0.0047337873838841915
file_brain_AXT2_200_6002351.h5,14,0.9598447875974048,41.698734283447266,0.007638008799403906
file_brain_AXT2_200_6002351.h5,15,0.9665970997243045,44.09866714477539,0.013720592483878136
file_brain_AXT2_200_6002359.h5,0,0.9564092372981307,36.471832275390625,0.004644645377993584
file_brain_AXT2_200_6002359.h5,1,0.9583190762157627,36.949485778808594,0.004156011622399092
file_brain_AXT2_200_6002359.h5,2,0.9578968169818218,37.50328063964844,0.0035805886145681143
file_brain_AXT2_200_6002359.h5,3,0.9611438557447572,38.06012725830078,0.0035505874548107386
file_brain_AXT2_200_6002359.h5,4,0.9624271356340153,38.08100128173828,0.0036172771360725164
file_brain_AXT2_200_6002359.h5,5,0.9649806706751473,38.32624053955078,0.0033661520574241877
file_brain_AXT2_200_6002359.h5,6,0.9635716419836209,38.0042724609375,0.0035420239437371492
file_brain_AXT2_200_6002359.h5,7,0.9647045095363309,38.241737365722656,0.0033695348538458347
file_brain_AXT2_200_6002359.h5,8,0.9632083044868865,38.08360290527344,0.003396312240511179
file_brain_AXT2_200_6002359.h5,9,0.9643499770965066,38.695335388183594,0.0030115346889942884
file_brain_AXT2_200_6002359.h5,10,0.9653228746237781,39.144737243652344,0.002742575481534004
file_brain_AXT2_200_6002359.h5,11,0.9665408164921993,39.701622009277344,0.0024607530795037746
file_brain_AXT2_200_6002359.h5,12,0.9655857688696718,40.187652587890625,0.0029693508986383677
file_brain_AXT2_200_6002359.h5,13,0.9638853535399308,41.66883087158203,0.0039191581308841705
file_brain_AXT2_200_6002359.h5,14,0.9658074222035157,42.92913055419922,0.0050609600730240345
file_brain_AXT2_200_6002359.h5,15,0.9692364332822698,44.83129119873047,0.01883181557059288
file_brain_AXT2_200_6002505.h5,0,0.934912880862731,33.60409927368164,0.005877451505511999
file_brain_AXT2_200_6002505.h5,1,0.9402443218801924,34.67350387573242,0.0049160318449139595
file_brain_AXT2_200_6002505.h5,2,0.9467554828525838,35.52644729614258,0.004218900576233864
file_brain_AXT2_200_6002505.h5,3,0.9529686323850239,36.12662124633789,0.004026153590530157
file_brain_AXT2_200_6002505.h5,4,0.9518787595101196,36.015323638916016,0.003653226885944605
file_brain_AXT2_200_6002505.h5,5,0.953964999135621,36.629146575927734,0.0032975580543279648
file_brain_AXT2_200_6002505.h5,6,0.9542905503862155,36.377376556396484,0.0032543179113417864
file_brain_AXT2_200_6002505.h5,7,0.955437862138903,36.31888198852539,0.0033698559273034334
file_brain_AXT2_200_6002505.h5,8,0.9550043919948986,36.17862319946289,0.003144108224660158
file_brain_AXT2_200_6002505.h5,9,0.9502044181554892,36.33108901977539,0.003213315038010478
file_brain_AXT2_200_6002505.h5,10,0.9521252926325837,36.85295486450195,0.002893244381994009
file_brain_AXT2_200_6002505.h5,11,0.9494139687870521,37.64021682739258,0.0025970241986215115
file_brain_AXT2_200_6002505.h5,12,0.9499023423669187,37.93465042114258,0.0034027951769530773
file_brain_AXT2_200_6002505.h5,13,0.9499737402548355,39.10386276245117,0.0062441155314445496
file_brain_AXT2_200_6002505.h5,14,0.9528961695106183,40.06389236450195,0.008953905664384365
file_brain_AXT2_200_6002505.h5,15,0.9615641130492314,42.25156021118164,0.012126694433391094
file_brain_AXT2_200_6002565.h5,0,0.9531095028022647,37.08601760864258,0.005096025764942169
file_brain_AXT2_200_6002565.h5,1,0.9578951815924395,37.33146286010742,0.005012053996324539
file_brain_AXT2_200_6002565.h5,2,0.9580635043263139,37.51133346557617,0.004720016848295927
file_brain_AXT2_200_6002565.h5,3,0.9612968024026612,37.87245559692383,0.003962329588830471
file_brain_AXT2_200_6002565.h5,4,0.9618214988137769,38.03927993774414,0.003409759374335408
file_brain_AXT2_200_6002565.h5,5,0.9653792816453989,38.634830474853516,0.003082923125475645
file_brain_AXT2_200_6002565.h5,6,0.9680195503615272,38.96003341674805,0.0030753484461456537
file_brain_AXT2_200_6002565.h5,7,0.9682810350316889,39.122859954833984,0.0034460180904716253
file_brain_AXT2_200_6002565.h5,8,0.96568871918451,38.61711502075195,0.0036142112221568823
file_brain_AXT2_200_6002565.h5,9,0.9657807834443232,38.79567337036133,0.003519335761666298
file_brain_AXT2_200_6002565.h5,10,0.9616634261778678,38.55104446411133,0.003521751845255494
file_brain_AXT2_200_6002565.h5,11,0.9586341581076173,38.57358169555664,0.003699512919411063
file_brain_AXT2_200_6002565.h5,12,0.9584863059532969,38.637935638427734,0.003553318791091442
file_brain_AXT2_200_6002565.h5,13,0.9619429274982455,39.57345962524414,0.003447324736043811
file_brain_AXT2_200_6002565.h5,14,0.9645786285612113,39.8613166809082,0.004430772271007299
file_brain_AXT2_200_6002565.h5,15,0.9673420077138223,42.13669967651367,0.00629328191280365
file_brain_AXT2_201_2010082.h5,0,0.9560435042073804,36.762176513671875,0.004845893941819668
file_brain_AXT2_201_2010082.h5,1,0.958698571975297,37.0882568359375,0.004201196599751711
file_brain_AXT2_201_2010082.h5,2,0.9591187701245686,37.202171325683594,0.004002752713859081
file_brain_AXT2_201_2010082.h5,3,0.9603136994451607,37.754432678222656,0.0037201140075922012
file_brain_AXT2_201_2010082.h5,4,0.9602478662198467,37.754051208496094,0.003729557618498802
file_brain_AXT2_201_2010082.h5,5,0.9581250822121604,37.817420959472656,0.00418099295347929
file_brain_AXT2_201_2010082.h5,6,0.9570538552317661,37.78545379638672,0.004053700249642134
file_brain_AXT2_201_2010082.h5,7,0.9532697469623824,37.426307678222656,0.004444061778485775
file_brain_AXT2_201_2010082.h5,8,0.9509520811572403,37.13014221191406,0.0043502068147063255
file_brain_AXT2_201_2010082.h5,9,0.9521589329088268,37.428062438964844,0.004065666347742081
file_brain_AXT2_201_2010082.h5,10,0.9467291147008775,37.18860626220703,0.004424749407917261
file_brain_AXT2_201_2010082.h5,11,0.9523501244282823,38.37799835205078,0.0037442753091454506
file_brain_AXT2_201_2010082.h5,12,0.9530746680022203,39.183677673339844,0.003705451264977455
file_brain_AXT2_201_2010082.h5,13,0.9541176873577237,40.096458435058594,0.004177482333034277
file_brain_AXT2_201_2010082.h5,14,0.9556052775486463,41.049964904785156,0.005616447422653437
file_brain_AXT2_201_2010082.h5,15,0.9630065364969156,43.31791687011719,0.011828507296741009
file_brain_AXT2_201_2010375.h5,0,0.9563237786361221,37.359291076660156,0.0038372850976884365
file_brain_AXT2_201_2010375.h5,1,0.957187947713055,37.63373565673828,0.003364827483892441
file_brain_AXT2_201_2010375.h5,2,0.9605698463972003,37.995018005371094,0.002680926350876689
file_brain_AXT2_201_2010375.h5,3,0.9652209776122221,38.95513153076172,0.0024105890188366175
file_brain_AXT2_201_2010375.h5,4,0.9669881948273348,39.319923400878906,0.002516339300200343
file_brain_AXT2_201_2010375.h5,5,0.9673728369204879,39.74095916748047,0.00255720061250031
file_brain_AXT2_201_2010375.h5,6,0.9672146727115081,39.44878387451172,0.002605786779895425
file_brain_AXT2_201_2010375.h5,7,0.9667300529411462,39.872703552246094,0.002705627353861928
file_brain_AXT2_201_2010375.h5,8,0.9645608591704601,39.711883544921875,0.0029503421392291784
file_brain_AXT2_201_2010375.h5,9,0.963400441793202,40.187339782714844,0.003106809454038739
file_brain_AXT2_201_2010375.h5,10,0.9637217615077902,40.20856475830078,0.003554847789928317
file_brain_AXT2_201_2010375.h5,11,0.9624577864000824,40.81128692626953,0.003756904974579811
file_brain_AXT2_201_2010375.h5,12,0.96359809235843,41.63500213623047,0.004709722939878702
file_brain_AXT2_201_2010375.h5,13,0.9650484670034324,43.476646423339844,0.010593363083899021
file_brain_AXT2_201_2010375.h5,14,0.9701814057586408,44.976829528808594,0.022434506565332413
file_brain_AXT2_201_2010375.h5,15,0.9763221054408115,46.59790802001953,0.028652945533394814
file_brain_AXT2_201_2010458.h5,0,0.9550150582830681,35.80309295654297,0.0048390766605734825
file_brain_AXT2_201_2010458.h5,1,0.956126167884887,35.927833557128906,0.004471081309020519
file_brain_AXT2_201_2010458.h5,2,0.9574015827253562,36.15687561035156,0.0040503316558897495
file_brain_AXT2_201_2010458.h5,3,0.9581759168116952,36.82384490966797,0.0037716575898230076
file_brain_AXT2_201_2010458.h5,4,0.960617201728276,37.30951690673828,0.003551701083779335
file_brain_AXT2_201_2010458.h5,5,0.9597345359128675,37.71794891357422,0.0038805895019322634
file_brain_AXT2_201_2010458.h5,6,0.9587686455834858,37.34129333496094,0.004146236460655928
file_brain_AXT2_201_2010458.h5,7,0.9574338625540815,37.18738555908203,0.004103649407625198
file_brain_AXT2_201_2010458.h5,8,0.9536982122381896,37.15290069580078,0.00396346440538764
file_brain_AXT2_201_2010458.h5,9,0.9544962198159993,37.625083923339844,0.0038828079123049974
file_brain_AXT2_201_2010458.h5,10,0.9522933460261058,37.630348205566406,0.0040105171501636505
file_brain_AXT2_201_2010458.h5,11,0.9530641204646254,38.793296813964844,0.0037377120461314917
file_brain_AXT2_201_2010458.h5,12,0.953009679337699,39.62799072265625,0.00412752153351903
file_brain_AXT2_201_2010458.h5,13,0.9541173326501974,41.05059051513672,0.0057698204182088375
file_brain_AXT2_201_2010458.h5,14,0.9619372412469025,43.01233673095703,0.007484583184123039
file_brain_AXT2_201_2010458.h5,15,0.9712568228971535,45.46343994140625,0.017249761149287224
file_brain_AXT2_201_2010461.h5,0,0.9517570284252637,36.33259582519531,0.004741055425256491
file_brain_AXT2_201_2010461.h5,1,0.9554922511952412,36.805198669433594,0.0042145587503910065
file_brain_AXT2_201_2010461.h5,2,0.9533986991028678,36.95587158203125,0.003795307595282793
file_brain_AXT2_201_2010461.h5,3,0.9588318596817635,37.66808319091797,0.0034079484175890684
file_brain_AXT2_201_2010461.h5,4,0.9598784369991794,37.88031005859375,0.0033624351490288973
file_brain_AXT2_201_2010461.h5,5,0.9617259169527129,37.97550964355469,0.003644968383014202
file_brain_AXT2_201_2010461.h5,6,0.9583044647373786,37.74396514892578,0.0036420244723558426
file_brain_AXT2_201_2010461.h5,7,0.9591769051641927,37.969970703125,0.0035344939678907394
file_brain_AXT2_201_2010461.h5,8,0.9585865930396547,38.084381103515625,0.003601436736062169
file_brain_AXT2_201_2010461.h5,9,0.9595212426288625,38.35028076171875,0.0037010489031672478
file_brain_AXT2_201_2010461.h5,10,0.9583985407450129,38.54138946533203,0.0035347321536391973
file_brain_AXT2_201_2010461.h5,11,0.960501637359787,39.27293395996094,0.003265226725488901
file_brain_AXT2_201_2010461.h5,12,0.9636089199777955,39.93194580078125,0.0030158793088048697
file_brain_AXT2_201_2010461.h5,13,0.962690090051669,40.19480895996094,0.004136041272431612
file_brain_AXT2_201_2010461.h5,14,0.9646129255484402,41.774749755859375,0.005710480734705925
file_brain_AXT2_201_2010461.h5,15,0.9684458672863518,43.92987060546875,0.009501876309514046
file_brain_AXT2_201_2010503.h5,0,0.9296182971421951,34.728919982910156,0.005970602389425039
file_brain_AXT2_201_2010503.h5,1,0.9322847082270308,34.89483642578125,0.00616416847333312
file_brain_AXT2_201_2010503.h5,2,0.9361156631250902,35.052337646484375,0.005581284873187542
file_brain_AXT2_201_2010503.h5,3,0.9357698807882032,35.58506774902344,0.005140069406479597
file_brain_AXT2_201_2010503.h5,4,0.940514691467474,35.89573669433594,0.004862666595727205
file_brain_AXT2_201_2010503.h5,5,0.9431139605989136,36.53724670410156,0.004884529393166304
file_brain_AXT2_201_2010503.h5,6,0.9464402063564791,36.83056640625,0.00435636704787612
file_brain_AXT2_201_2010503.h5,7,0.9493862341313534,37.063140869140625,0.004115771967917681
file_brain_AXT2_201_2010503.h5,8,0.9495349281178955,37.140541076660156,0.0041565317660570145
file_brain_AXT2_201_2010503.h5,9,0.9491805201454282,37.21031951904297,0.004190921317785978
file_brain_AXT2_201_2010503.h5,10,0.9492988081526139,37.41626739501953,0.0037158529739826918
file_brain_AXT2_201_2010503.h5,11,0.9478786176822874,37.94243621826172,0.003783769905567169
file_brain_AXT2_201_2010503.h5,12,0.946142053459862,38.41896057128906,0.0037397556006908417
file_brain_AXT2_201_2010503.h5,13,0.9431268611947666,38.70195007324219,0.0054681869223713875
file_brain_AXT2_201_2010503.h5,14,0.9410249031867083,39.912254333496094,0.010312049649655819
file_brain_AXT2_201_2010503.h5,15,0.9465914888143634,41.61578369140625,0.01733512245118618
file_brain_AXT2_201_2010530.h5,0,0.949141630069067,34.443878173828125,0.004331048112362623
file_brain_AXT2_201_2010530.h5,1,0.956997361450313,34.84303283691406,0.0038398844189941883
file_brain_AXT2_201_2010530.h5,2,0.95851308634118,35.19999694824219,0.0032040467485785484
file_brain_AXT2_201_2010530.h5,3,0.9603699067575482,35.918907165527344,0.0027910012286156416
file_brain_AXT2_201_2010530.h5,4,0.9607592381032432,36.08201599121094,0.002569936914369464
file_brain_AXT2_201_2010530.h5,5,0.9632414532460742,36.57372283935547,0.002394583309069276
file_brain_AXT2_201_2010530.h5,6,0.9650365631035933,36.81867218017578,0.0023529226891696453
file_brain_AXT2_201_2010530.h5,7,0.9655187401629938,37.496307373046875,0.0025455269496887922
file_brain_AXT2_201_2010530.h5,8,0.9618535066965817,37.629173278808594,0.0030517568811774254
file_brain_AXT2_201_2010530.h5,9,0.9571433929083382,37.66636657714844,0.0033864977303892374
file_brain_AXT2_201_2010530.h5,10,0.9565281877947048,37.765625,0.003351188264787197
file_brain_AXT2_201_2010530.h5,11,0.9564798571248069,38.003211975097656,0.0034478188026696444
file_brain_AXT2_201_2010530.h5,12,0.9541772761949545,38.12579345703125,0.003317885799333453
file_brain_AXT2_201_2010530.h5,13,0.9541256369759038,38.54081726074219,0.0034065789077430964
file_brain_AXT2_201_2010530.h5,14,0.9517584983558081,38.75221252441406,0.004445737227797508
file_brain_AXT2_201_2010530.h5,15,0.9542013749428273,40.34022521972656,0.007121034897863865
file_brain_AXT2_202_2020138.h5,0,0.9454348511298442,37.8253059387207,0.006066286936402321
file_brain_AXT2_202_2020138.h5,1,0.9463837543580257,38.05386734008789,0.0057453494518995285
file_brain_AXT2_202_2020138.h5,2,0.9481989369165345,37.83609390258789,0.005563836079090834
file_brain_AXT2_202_2020138.h5,3,0.9489354537460473,37.99045944213867,0.005720910150557756
file_brain_AXT2_202_2020138.h5,4,0.9521905869257503,38.95893478393555,0.004636672325432301
file_brain_AXT2_202_2020138.h5,5,0.9543756393029303,39.45663833618164,0.004623994696885347
file_brain_AXT2_202_2020138.h5,6,0.9545581608831318,40.05489730834961,0.004529671277850866
file_brain_AXT2_202_2020138.h5,7,0.954851034064315,40.543025970458984,0.004617233294993639
file_brain_AXT2_202_2020138.h5,8,0.954998272795459,40.5230827331543,0.004716451279819012
file_brain_AXT2_202_2020138.h5,9,0.9543789460880585,40.38811111450195,0.005330270156264305
file_brain_AXT2_202_2020138.h5,10,0.954482254119637,40.533206939697266,0.005477318074554205
file_brain_AXT2_202_2020138.h5,11,0.9541360446206452,40.78831100463867,0.005854744464159012
file_brain_AXT2_202_2020138.h5,12,0.9533300035612895,41.07758712768555,0.006220095790922642
file_brain_AXT2_202_2020138.h5,13,0.9536017741613585,41.774906158447266,0.007151066791266203
file_brain_AXT2_202_2020138.h5,14,0.952615958007241,41.979915618896484,0.010912698693573475
file_brain_AXT2_202_2020138.h5,15,0.9500556383926402,42.28044509887695,0.022390857338905334
file_brain_AXT2_202_2020200.h5,0,0.9360526750053825,36.5692253112793,0.006188342347741127
file_brain_AXT2_202_2020200.h5,1,0.9370846412220516,36.74760818481445,0.006307162344455719
file_brain_AXT2_202_2020200.h5,2,0.9352353870399077,36.50497055053711,0.006201835814863443
file_brain_AXT2_202_2020200.h5,3,0.9366822864532591,37.05507278442383,0.005500720348209143
file_brain_AXT2_202_2020200.h5,4,0.9396615493187855,37.40353775024414,0.0048858532682061195
file_brain_AXT2_202_2020200.h5,5,0.9430407325542418,37.84132766723633,0.004494355525821447
file_brain_AXT2_202_2020200.h5,6,0.9469074171447595,38.19221878051758,0.003773471573367715
file_brain_AXT2_202_2020200.h5,7,0.9486418511088541,38.607418060302734,0.003612316446378827
file_brain_AXT2_202_2020200.h5,8,0.9499300845294872,38.88801193237305,0.0034577944315969944
file_brain_AXT2_202_2020200.h5,9,0.949554310649094,39.25407028198242,0.0036843232810497284
file_brain_AXT2_202_2020200.h5,10,0.9499173934025033,39.72380447387695,0.0036323692183941603
file_brain_AXT2_202_2020200.h5,11,0.9486140287771561,40.20112991333008,0.003631937550380826
file_brain_AXT2_202_2020200.h5,12,0.9465487452016172,40.61149978637695,0.0035891500301659107
file_brain_AXT2_202_2020200.h5,13,0.946388637097892,41.20277786254883,0.004298730753362179
file_brain_AXT2_202_2020200.h5,14,0.9471774059526804,41.63982009887695,0.006078753620386124
file_brain_AXT2_202_2020200.h5,15,0.9491442863683107,42.38176345825195,0.010725880973041058
file_brain_AXT2_202_2020251.h5,0,0.892236088903043,35.521141052246094,0.010172720067203045
file_brain_AXT2_202_2020251.h5,1,0.8913956356542188,35.65424346923828,0.009843704290688038
file_brain_AXT2_202_2020251.h5,2,0.8897983808375244,35.58241271972656,0.00983105506747961
file_brain_AXT2_202_2020251.h5,3,0.8939085480804546,36.354949951171875,0.00898338295519352
file_brain_AXT2_202_2020251.h5,4,0.8940912805290044,36.693702697753906,0.009011373855173588
file_brain_AXT2_202_2020251.h5,5,0.8978295476073304,37.05731964111328,0.008901724591851234
file_brain_AXT2_202_2020251.h5,6,0.8960079302424215,37.049102783203125,0.008971180766820908
file_brain_AXT2_202_2020251.h5,7,0.8959616778824193,37.34013366699219,0.009007183834910393
file_brain_AXT2_202_2020251.h5,8,0.8947353731177592,37.4697265625,0.009232373908162117
file_brain_AXT2_202_2020251.h5,9,0.8913185219099332,37.664512634277344,0.010331401601433754
file_brain_AXT2_202_2020251.h5,10,0.8897288157540658,38.00370788574219,0.011788587085902691
file_brain_AXT2_202_2020251.h5,11,0.8800807763863016,37.928184509277344,0.015453776344656944
file_brain_AXT2_202_2020251.h5,12,0.8779096150813339,37.913787841796875,0.020828604698181152
file_brain_AXT2_202_2020251.h5,13,0.8693522931128915,38.08811950683594,0.0256841778755188
file_brain_AXT2_202_2020251.h5,14,0.8692163107626998,38.052467346191406,0.05333452671766281
file_brain_AXT2_202_2020251.h5,15,0.8482819304296869,37.194679260253906,0.06848408281803131
file_brain_AXT2_204_2040018.h5,0,0.9627041662963473,38.777156829833984,0.005348985083401203
file_brain_AXT2_204_2040018.h5,1,0.9663893806537774,39.179080963134766,0.005118238739669323
file_brain_AXT2_204_2040018.h5,2,0.9678760674156958,39.41116714477539,0.004747731611132622
file_brain_AXT2_204_2040018.h5,3,0.9709561706389959,40.00852584838867,0.004242466762661934
file_brain_AXT2_204_2040018.h5,4,0.9736269599112933,40.58072280883789,0.003901498857885599
file_brain_AXT2_204_2040018.h5,5,0.9751213171889582,40.89626693725586,0.00401300610974431
file_brain_AXT2_204_2040018.h5,6,0.9748649151232573,40.589778900146484,0.004195503890514374
file_brain_AXT2_204_2040018.h5,7,0.9739195377607468,40.592403411865234,0.004233634565025568
file_brain_AXT2_204_2040018.h5,8,0.9725774513832559,40.45919418334961,0.004199997987598181
file_brain_AXT2_204_2040018.h5,9,0.9726209955813441,40.75519943237305,0.004208374302834272
file_brain_AXT2_204_2040018.h5,10,0.9712546065914437,40.835628509521484,0.004207531455904245
file_brain_AXT2_204_2040018.h5,11,0.9694788354427988,40.98491287231445,0.0042094700038433075
file_brain_AXT2_204_2040018.h5,12,0.9694575686952958,41.1582145690918,0.0041974675841629505
file_brain_AXT2_204_2040018.h5,13,0.9696714767175666,41.69733810424805,0.0042320555076003075
file_brain_AXT2_204_2040018.h5,14,0.9717800771263622,42.042781829833984,0.004675399512052536
file_brain_AXT2_204_2040018.h5,15,0.9744481382483747,43.22914505004883,0.004629385657608509
file_brain_AXT2_204_2040094.h5,0,0.9514790023516231,36.096435546875,0.005518515128642321
file_brain_AXT2_204_2040094.h5,1,0.952427782149296,36.181007385253906,0.005359824281185865
file_brain_AXT2_204_2040094.h5,2,0.9560740630586771,36.72528076171875,0.004662620835006237
file_brain_AXT2_204_2040094.h5,3,0.9578975633154151,37.355018615722656,0.0044448841363191605
file_brain_AXT2_204_2040094.h5,4,0.9583546838083333,37.49806213378906,0.004289126489311457
file_brain_AXT2_204_2040094.h5,5,0.9572784148046928,37.35954284667969,0.004464347846806049
file_brain_AXT2_204_2040094.h5,6,0.9569544251169276,36.84996032714844,0.004218117333948612
file_brain_AXT2_204_2040094.h5,7,0.9572665857681127,36.87481689453125,0.0036249072290956974
file_brain_AXT2_204_2040094.h5,8,0.9529966611484042,36.42790985107422,0.0038017304614186287
file_brain_AXT2_204_2040094.h5,9,0.9499248596257929,36.57769775390625,0.003749152645468712
file_brain_AXT2_204_2040094.h5,10,0.9482423849240044,36.54225158691406,0.003558736527338624
file_brain_AXT2_204_2040094.h5,11,0.9470809116082606,36.96562194824219,0.003518787445500493
file_brain_AXT2_204_2040094.h5,12,0.9481212859970624,37.138580322265625,0.0041051902808249
file_brain_AXT2_204_2040094.h5,13,0.9488329991258309,38.75213623046875,0.007035736460238695
file_brain_AXT2_204_2040094.h5,14,0.9545164047092267,41.25965881347656,0.011327063664793968
file_brain_AXT2_204_2040094.h5,15,0.9615515018088702,43.883544921875,0.021989043802022934
file_brain_AXT2_205_2050155.h5,0,0.9477369072760161,37.4573974609375,0.006707221735268831
file_brain_AXT2_205_2050155.h5,1,0.9492349071318191,37.69432830810547,0.005639286246150732
file_brain_AXT2_205_2050155.h5,2,0.9523978368603283,38.061378479003906,0.004610732197761536
file_brain_AXT2_205_2050155.h5,3,0.9536066187744001,38.19316864013672,0.004301858600229025
file_brain_AXT2_205_2050155.h5,4,0.9536527442627233,38.170166015625,0.004328363575041294
file_brain_AXT2_205_2050155.h5,5,0.9542726143343792,38.1251220703125,0.00424237921833992
file_brain_AXT2_205_2050155.h5,6,0.9548770779318425,37.726585388183594,0.0039004499558359385
file_brain_AXT2_205_2050155.h5,7,0.9542158305340014,37.64196014404297,0.0035694155376404524
file_brain_AXT2_205_2050155.h5,8,0.9545993399271736,37.536582946777344,0.0032479020301252604
file_brain_AXT2_205_2050155.h5,9,0.9520634676987406,37.38304901123047,0.003434369806200266
file_brain_AXT2_205_2050155.h5,10,0.9497074434972287,37.23072052001953,0.0035984194837510586
file_brain_AXT2_205_2050155.h5,11,0.949546422135001,37.491172790527344,0.0037872919347137213
file_brain_AXT2_205_2050155.h5,12,0.9485391659198928,37.50359344482422,0.004034798592329025
file_brain_AXT2_205_2050155.h5,13,0.9467282270124491,37.95585632324219,0.006096209865063429
file_brain_AXT2_205_2050155.h5,14,0.945400861667049,39.00353240966797,0.01137915812432766
file_brain_AXT2_205_2050155.h5,15,0.9462105389705394,39.76239013671875,0.012286759912967682
file_brain_AXT2_206_2060021.h5,0,0.953900490235357,38.076377868652344,0.005895887967199087
file_brain_AXT2_206_2060021.h5,1,0.9541560473636648,38.082298278808594,0.005776161327958107
file_brain_AXT2_206_2060021.h5,2,0.9559947708630695,38.33007049560547,0.0050727371126413345
file_brain_AXT2_206_2060021.h5,3,0.9572120021889762,38.77283477783203,0.004743694327771664
file_brain_AXT2_206_2060021.h5,4,0.9591502615973825,39.107391357421875,0.004350115545094013
file_brain_AXT2_206_2060021.h5,5,0.9600435542841456,39.2913818359375,0.004215355962514877
file_brain_AXT2_206_2060021.h5,6,0.9603813974188679,39.188743591308594,0.0038234565872699022
file_brain_AXT2_206_2060021.h5,7,0.9610304624219078,39.19685363769531,0.003608523402363062
file_brain_AXT2_206_2060021.h5,8,0.9612620002873716,39.10540008544922,0.003522430779412389
file_brain_AXT2_206_2060021.h5,9,0.9610485778083736,38.910545349121094,0.0038005863316357136
file_brain_AXT2_206_2060021.h5,10,0.9611596891879706,39.014976501464844,0.003664989722892642
file_brain_AXT2_206_2060021.h5,11,0.9616047558217542,39.53056335449219,0.0035853483714163303
file_brain_AXT2_206_2060021.h5,12,0.9585342820204436,39.701637268066406,0.004151687491685152
file_brain_AXT2_206_2060021.h5,13,0.9563532149123004,40.27760314941406,0.005872986279428005
file_brain_AXT2_206_2060021.h5,14,0.9579086046524934,41.39503479003906,0.007606970611959696
file_brain_AXT2_206_2060021.h5,15,0.9598174997646725,42.911766052246094,0.009478222578763962
file_brain_AXT2_206_2060055.h5,0,0.9443719822113464,37.5291748046875,0.005873256828635931
file_brain_AXT2_206_2060055.h5,1,0.9427270393251505,37.59861755371094,0.005210917443037033
file_brain_AXT2_206_2060055.h5,2,0.9431836339300496,37.70598602294922,0.004610259085893631
file_brain_AXT2_206_2060055.h5,3,0.9475808551877295,37.925758361816406,0.004196861758828163
file_brain_AXT2_206_2060055.h5,4,0.9447844431273775,37.62122344970703,0.003950504120439291
file_brain_AXT2_206_2060055.h5,5,0.9476150909884303,37.454978942871094,0.003842068137601018
file_brain_AXT2_206_2060055.h5,6,0.9385328167768076,36.88633728027344,0.0041818576864898205
file_brain_AXT2_206_2060055.h5,7,0.935831163264551,36.66099548339844,0.004549561068415642
file_brain_AXT2_206_2060055.h5,8,0.9294884362778035,36.13829803466797,0.004799635615199804
file_brain_AXT2_206_2060055.h5,9,0.9336984954360774,36.60411071777344,0.004922382067888975
file_brain_AXT2_206_2060055.h5,10,0.9355649564809715,37.04822540283203,0.004878439009189606
file_brain_AXT2_206_2060055.h5,11,0.9456277177156664,38.15071105957031,0.005120639689266682
file_brain_AXT2_206_2060055.h5,12,0.9507589789828976,39.855918884277344,0.007149084471166134
file_brain_AXT2_206_2060055.h5,13,0.9540943290922523,41.36420440673828,0.007268015760928392
file_brain_AXT2_206_2060055.h5,14,0.9590254142050639,43.30989074707031,0.009954852983355522
file_brain_AXT2_206_2060055.h5,15,0.957634264667428,43.82649230957031,0.025820059701800346
file_brain_AXT2_206_6000222.h5,0,0.9681928613011832,39.95390701293945,0.005830203648656607
file_brain_AXT2_206_6000222.h5,1,0.969599912302567,40.05386734008789,0.0055807181634008884
file_brain_AXT2_206_6000222.h5,2,0.970908656487316,40.55454635620117,0.005016055889427662
file_brain_AXT2_206_6000222.h5,3,0.972251162980936,40.8465461730957,0.004783490672707558
file_brain_AXT2_206_6000222.h5,4,0.9735091367941077,41.0487174987793,0.004400456324219704
file_brain_AXT2_206_6000222.h5,5,0.9737281234218501,41.31332015991211,0.004245441406965256
file_brain_AXT2_206_6000222.h5,6,0.9745333830337187,41.40108871459961,0.0038870726712048054
file_brain_AXT2_206_6000222.h5,7,0.9750812302680748,41.40067672729492,0.00378343160264194
file_brain_AXT2_206_6000222.h5,8,0.9745963227284358,41.47135543823242,0.003460652893409133
file_brain_AXT2_206_6000222.h5,9,0.9743766652697727,41.62759017944336,0.003299389500170946
file_brain_AXT2_206_6000222.h5,10,0.9741285279752184,41.56013107299805,0.003105978947132826
file_brain_AXT2_206_6000222.h5,11,0.9721009877114127,41.55971908569336,0.0030850174371153116
file_brain_AXT2_206_6000222.h5,12,0.9683361447500749,41.40266036987305,0.0033120999578386545
file_brain_AXT2_206_6000222.h5,13,0.968209870713899,41.610469818115234,0.004762693308293819
file_brain_AXT2_206_6000222.h5,14,0.9685939987516053,42.28030014038086,0.005318205803632736
file_brain_AXT2_206_6000222.h5,15,0.9664440236579303,42.561214447021484,0.006205587647855282
file_brain_AXT2_209_6001462.h5,0,0.9386075168635092,37.14313507080078,0.006920721847563982
file_brain_AXT2_209_6001462.h5,1,0.9384523384250211,37.24864959716797,0.007108933757990599
file_brain_AXT2_209_6001462.h5,2,0.9438126868814077,37.294921875,0.006344973109662533
file_brain_AXT2_209_6001462.h5,3,0.9457021418186019,37.788818359375,0.005591013468801975
file_brain_AXT2_209_6001462.h5,4,0.9468820038772426,38.06983184814453,0.005111984442919493
file_brain_AXT2_209_6001462.h5,5,0.945849300383404,38.25176239013672,0.0054588099010288715
file_brain_AXT2_209_6001462.h5,6,0.9472809555835866,38.381744384765625,0.005297548603266478
file_brain_AXT2_209_6001462.h5,7,0.9468360786852692,38.29814910888672,0.005559232551604509
file_brain_AXT2_209_6001462.h5,8,0.946076158016443,38.286582946777344,0.005406772717833519
file_brain_AXT2_209_6001462.h5,9,0.9450229803888411,38.74382781982422,0.00554667180404067
file_brain_AXT2_209_6001462.h5,10,0.9421239867668915,38.51341247558594,0.006027457304298878
file_brain_AXT2_209_6001462.h5,11,0.9395722922649755,38.63002014160156,0.00670199329033494
file_brain_AXT2_209_6001462.h5,12,0.9377511815276101,38.53852844238281,0.007627646438777447
file_brain_AXT2_209_6001462.h5,13,0.9360078561730926,38.894126892089844,0.008899354375898838
file_brain_AXT2_209_6001462.h5,14,0.9319783248505279,39.065208435058594,0.013482177630066872
file_brain_AXT2_209_6001462.h5,15,0.932796775994059,40.056983947753906,0.01953834667801857
file_brain_AXT2_210_2100019.h5,0,0.9565654879550453,37.34383773803711,0.004942281637340784
file_brain_AXT2_210_2100019.h5,1,0.9606858713924425,37.84524917602539,0.0047036707401275635
file_brain_AXT2_210_2100019.h5,2,0.9640365939827419,38.092342376708984,0.004324344452470541
file_brain_AXT2_210_2100019.h5,3,0.966717522807398,38.565250396728516,0.003794796532019973
file_brain_AXT2_210_2100019.h5,4,0.9689314548542473,39.08037185668945,0.00327010964974761
file_brain_AXT2_210_2100019.h5,5,0.9704659721647708,39.56589889526367,0.0033500122372061014
file_brain_AXT2_210_2100019.h5,6,0.9714435462044783,39.65614700317383,0.0031663570553064346
file_brain_AXT2_210_2100019.h5,7,0.9720522347638682,39.65982437133789,0.0032388041727244854
file_brain_AXT2_210_2100019.h5,8,0.9728833555459007,39.739688873291016,0.0030340547673404217
file_brain_AXT2_210_2100019.h5,9,0.9729029471612123,39.70708084106445,0.0031550913117825985
file_brain_AXT2_210_2100019.h5,10,0.9719978664938561,39.64301681518555,0.003135240636765957
file_brain_AXT2_210_2100019.h5,11,0.9708452555253523,39.71464920043945,0.003133411519229412
file_brain_AXT2_210_2100019.h5,12,0.9680266933562294,39.940608978271484,0.0028565307147800922
file_brain_AXT2_210_2100019.h5,13,0.9662064221460099,40.7755241394043,0.002786915982142091
file_brain_AXT2_210_2100019.h5,14,0.9639520710204666,41.32858657836914,0.003840487916022539
file_brain_AXT2_210_2100019.h5,15,0.9624980862116587,41.9342155456543,0.00501938397064805
file_brain_AXT2_210_2100021.h5,0,0.9653862477056733,37.2427978515625,0.003968864679336548
file_brain_AXT2_210_2100021.h5,1,0.9691834596804738,37.809471130371094,0.003347973572090268
file_brain_AXT2_210_2100021.h5,2,0.9689146282340921,37.420005798339844,0.0030787468422204256
file_brain_AXT2_210_2100021.h5,3,0.9704964635150766,38.13188171386719,0.0027485638856887817
file_brain_AXT2_210_2100021.h5,4,0.9716751451099223,38.661155700683594,0.0025932644493877888
file_brain_AXT2_210_2100021.h5,5,0.9736017772907429,39.123085021972656,0.002592094475403428
file_brain_AXT2_210_2100021.h5,6,0.9747602985652285,39.64763641357422,0.002426043152809143
file_brain_AXT2_210_2100021.h5,7,0.9738671459351845,39.907676696777344,0.0026689127553254366
file_brain_AXT2_210_2100021.h5,8,0.9722569285903085,39.95924377441406,0.0025831095408648252
file_brain_AXT2_210_2100021.h5,9,0.9730271960318522,40.356605529785156,0.002657507313415408
file_brain_AXT2_210_2100021.h5,10,0.973600030278853,40.402427673339844,0.0026648410130292177
file_brain_AXT2_210_2100021.h5,11,0.9722606003347474,40.598182678222656,0.002872602315619588
file_brain_AXT2_210_2100021.h5,12,0.971129314985071,40.60900115966797,0.0030341637320816517
file_brain_AXT2_210_2100021.h5,13,0.9715462678200765,41.071800231933594,0.0034788900520652533
file_brain_AXT2_210_2100021.h5,14,0.9724237290499964,42.512367248535156,0.004797042813152075
file_brain_AXT2_210_2100021.h5,15,0.9772825461156457,45.378196716308594,0.009934788569808006
file_brain_AXT2_210_2100103.h5,0,0.9618156823894558,37.78150177001953,0.004738423973321915
file_brain_AXT2_210_2100103.h5,1,0.9634293236830405,37.79412078857422,0.0048237089067697525
file_brain_AXT2_210_2100103.h5,2,0.966198529104209,37.875205993652344,0.0042550573125481606
file_brain_AXT2_210_2100103.h5,3,0.9662935838981617,38.13134002685547,0.004184782039374113
file_brain_AXT2_210_2100103.h5,4,0.9683666832945346,38.270835876464844,0.003932539373636246
file_brain_AXT2_210_2100103.h5,5,0.9711178216481159,38.08403015136719,0.004542041569948196
file_brain_AXT2_210_2100103.h5,6,0.9713513075493919,38.3355712890625,0.004008617717772722
file_brain_AXT2_210_2100103.h5,7,0.970699420695803,38.341064453125,0.0037858777213841677
file_brain_AXT2_210_2100103.h5,8,0.9689747172203143,38.03044128417969,0.003702478716149926
file_brain_AXT2_210_2100103.h5,9,0.966787349450594,38.12583923339844,0.0036936006508767605
file_brain_AXT2_210_2100103.h5,10,0.9645146358625069,37.985191345214844,0.0036961904261261225
file_brain_AXT2_210_2100103.h5,11,0.9633463296860748,38.4576416015625,0.003704262897372246
file_brain_AXT2_210_2100103.h5,12,0.9604070036803447,38.86731719970703,0.0037879343144595623
file_brain_AXT2_210_2100103.h5,13,0.9601253529577979,39.63770294189453,0.00408620061352849
file_brain_AXT2_210_2100103.h5,14,0.9619712569553465,40.47962951660156,0.005222386680543423
file_brain_AXT2_210_2100103.h5,15,0.9645537046717606,41.87806701660156,0.010665812529623508
file_brain_AXT2_210_2100209.h5,0,0.9752979863692238,40.55203628540039,0.0053369817323982716
file_brain_AXT2_210_2100209.h5,1,0.9764915765808092,40.66011428833008,0.004887883085757494
file_brain_AXT2_210_2100209.h5,2,0.9788065650416444,40.74386215209961,0.004493837244808674
file_brain_AXT2_210_2100209.h5,3,0.9802864333649602,40.7933235168457,0.004305992275476456
file_brain_AXT2_210_2100209.h5,4,0.9793932607919732,40.703372955322266,0.00423194095492363
file_brain_AXT2_210_2100209.h5,5,0.9786019367365659,40.60953903198242,0.0041078501380980015
file_brain_AXT2_210_2100209.h5,6,0.9777898819246338,39.993839263916016,0.004088590387254953
file_brain_AXT2_210_2100209.h5,7,0.9770614894521701,39.602725982666016,0.004171167965978384
file_brain_AXT2_210_2100209.h5,8,0.9743369765519699,38.63071060180664,0.004401905462145805
file_brain_AXT2_210_2100209.h5,9,0.971703072707114,38.75374221801758,0.004169267136603594
file_brain_AXT2_210_2100209.h5,10,0.9690597646034658,38.33000564575195,0.004189296625554562
file_brain_AXT2_210_2100209.h5,11,0.9698192638028618,38.43826675415039,0.0038252142257988453
file_brain_AXT2_210_2100209.h5,12,0.9672407091583506,38.08530044555664,0.0038937123026698828
file_brain_AXT2_210_2100209.h5,13,0.9632559273886379,37.841060638427734,0.005369927268475294
file_brain_AXT2_210_2100209.h5,14,0.9650276546518481,39.239810943603516,0.006941915024071932
file_brain_AXT2_210_2100209.h5,15,0.9668799211678639,41.11787796020508,0.00954347662627697
file_brain_AXT2_210_2100212.h5,0,0.9637538917270663,38.03500747680664,0.004797106143087149
file_brain_AXT2_210_2100212.h5,1,0.965907595575196,38.01338577270508,0.004737404175102711
file_brain_AXT2_210_2100212.h5,2,0.9686302120894928,38.21834182739258,0.0042103361338377
file_brain_AXT2_210_2100212.h5,3,0.9693891808286723,38.82851028442383,0.0038992681074887514
file_brain_AXT2_210_2100212.h5,4,0.9718995224875772,39.33260726928711,0.0033318086061626673
file_brain_AXT2_210_2100212.h5,5,0.9750082759589594,39.954647064208984,0.003133108140900731
file_brain_AXT2_210_2100212.h5,6,0.9751304080946178,40.145877838134766,0.0030285222455859184
file_brain_AXT2_210_2100212.h5,7,0.9745206647981606,40.48714065551758,0.0027738045901060104
file_brain_AXT2_210_2100212.h5,8,0.9726832589882699,40.444637298583984,0.0027139547746628523
file_brain_AXT2_210_2100212.h5,9,0.9728238002979044,40.8814811706543,0.0028834822587668896
file_brain_AXT2_210_2100212.h5,10,0.9726823874497087,40.83552932739258,0.0030099411960691214
file_brain_AXT2_210_2100212.h5,11,0.9729285907385522,41.147953033447266,0.0029633028898388147
file_brain_AXT2_210_2100212.h5,12,0.9727007035584815,41.54867172241211,0.0029174857772886753
file_brain_AXT2_210_2100212.h5,13,0.9725237072628747,42.1585807800293,0.002905717119574547
file_brain_AXT2_210_2100212.h5,14,0.9717850576431478,42.06260299682617,0.0035790258552879095
file_brain_AXT2_210_2100212.h5,15,0.9721176401778933,43.174800872802734,0.004939919337630272
file_brain_AXT2_210_2100230.h5,0,0.9302011108505007,34.90742874145508,0.007646501995623112
file_brain_AXT2_210_2100230.h5,1,0.9370108407595522,35.45293045043945,0.007032683584839106
file_brain_AXT2_210_2100230.h5,2,0.9380202229359256,36.0917854309082,0.005927357356995344
file_brain_AXT2_210_2100230.h5,3,0.9460787260788527,36.89114761352539,0.005099703092128038
file_brain_AXT2_210_2100230.h5,4,0.9485213349894025,36.99526596069336,0.0051084887236356735
file_brain_AXT2_210_2100230.h5,5,0.951353380825149,37.50571060180664,0.004731476306915283
file_brain_AXT2_210_2100230.h5,6,0.9529919922616781,37.626529693603516,0.004337013699114323
file_brain_AXT2_210_2100230.h5,7,0.9540620938121233,37.716548919677734,0.004093196243047714
file_brain_AXT2_210_2100230.h5,8,0.9511310143582492,37.44070053100586,0.004263482987880707
file_brain_AXT2_210_2100230.h5,9,0.9494651988197255,37.54069900512695,0.004225963726639748
file_brain_AXT2_210_2100230.h5,10,0.9487088656314889,37.7319450378418,0.004191793035715818
file_brain_AXT2_210_2100230.h5,11,0.9460138535260085,37.9894905090332,0.0043306490406394005
file_brain_AXT2_210_2100230.h5,12,0.9489728264022071,38.64677810668945,0.004125908948481083
file_brain_AXT2_210_2100230.h5,13,0.9488278285396258,39.394840240478516,0.004925512708723545
file_brain_AXT2_210_2100230.h5,14,0.9542966156125612,40.59682083129883,0.007422571070492268
file_brain_AXT2_210_2100230.h5,15,0.9600869542178225,42.16426467895508,0.009149771183729172
file_brain_AXT2_210_2100386.h5,0,0.9654180695181018,38.40034103393555,0.0038926154375076294
file_brain_AXT2_210_2100386.h5,1,0.9667169784090659,38.66202926635742,0.0035932508762925863
file_brain_AXT2_210_2100386.h5,2,0.9681300836026252,38.801822662353516,0.0035275076515972614
file_brain_AXT2_210_2100386.h5,3,0.9698103769894979,39.38479232788086,0.0034543180372565985
file_brain_AXT2_210_2100386.h5,4,0.9719787430810151,39.64995193481445,0.003132007783278823
file_brain_AXT2_210_2100386.h5,5,0.9725828626913274,39.55168533325195,0.003146996721625328
file_brain_AXT2_210_2100386.h5,6,0.9731325592910992,38.73337173461914,0.0032551956828683615
file_brain_AXT2_210_2100386.h5,7,0.9744808232195862,39.00911331176758,0.0027307600248605013
file_brain_AXT2_210_2100386.h5,8,0.9737221689243404,37.96787643432617,0.002907100133597851
file_brain_AXT2_210_2100386.h5,9,0.973469353859855,38.39480972290039,0.002792747924104333
file_brain_AXT2_210_2100386.h5,10,0.9718036797809474,38.703433990478516,0.0025785325560718775
file_brain_AXT2_210_2100386.h5,11,0.9692853197613552,38.86660385131836,0.0026131332851946354
file_brain_AXT2_210_2100386.h5,12,0.966994045063305,39.48313522338867,0.0029228446073830128
file_brain_AXT2_210_2100386.h5,13,0.9670259607842561,40.87099838256836,0.005427617579698563
file_brain_AXT2_210_2100386.h5,14,0.9693426792087739,42.75412368774414,0.00894236657768488
file_brain_AXT2_210_2100386.h5,15,0.9765091521907542,46.25932693481445,0.020788125693798065
file_brain_AXT2_210_6001540.h5,0,0.9620506067808884,37.530635833740234,0.004584575537592173
file_brain_AXT2_210_6001540.h5,1,0.9617359922468637,37.70048141479492,0.004431647714227438
file_brain_AXT2_210_6001540.h5,2,0.9625272972738153,37.75510787963867,0.003551679663360119
file_brain_AXT2_210_6001540.h5,3,0.9653488081539008,37.97237777709961,0.003357820911332965
file_brain_AXT2_210_6001540.h5,4,0.9667343123166451,38.11722946166992,0.0032509404700249434
file_brain_AXT2_210_6001540.h5,5,0.9656503614250317,38.28568649291992,0.003324568970128894
file_brain_AXT2_210_6001540.h5,6,0.9647589379523208,37.87808609008789,0.003294203197583556
file_brain_AXT2_210_6001540.h5,7,0.9657630171211232,37.42879104614258,0.003441875334829092
file_brain_AXT2_210_6001540.h5,8,0.9661041631775944,37.28718185424805,0.002865734975785017
file_brain_AXT2_210_6001540.h5,9,0.9637812764657077,37.119937896728516,0.002698378637433052
file_brain_AXT2_210_6001540.h5,10,0.9637106099883711,36.78688430786133,0.0027941707521677017
file_brain_AXT2_210_6001540.h5,11,0.9638151552814203,37.17768478393555,0.0027351935859769583
file_brain_AXT2_210_6001540.h5,12,0.96412994248289,37.11471939086914,0.0026338393799960613
file_brain_AXT2_210_6001540.h5,13,0.9629143778206837,36.52761459350586,0.003532720496878028
file_brain_AXT2_210_6001540.h5,14,0.9636047387688423,37.38090133666992,0.005469589959830046
file_brain_AXT2_210_6001540.h5,15,0.964551352881856,38.39834213256836,0.00844251736998558
file_brain_AXT2_210_6001568.h5,0,0.9552409855620373,36.65938949584961,0.005941115785390139
file_brain_AXT2_210_6001568.h5,1,0.9587393205084576,37.174747467041016,0.005691847763955593
file_brain_AXT2_210_6001568.h5,2,0.961290997607664,37.161624908447266,0.005313389003276825
file_brain_AXT2_210_6001568.h5,3,0.9624932555778705,37.76846694946289,0.004950317554175854
file_brain_AXT2_210_6001568.h5,4,0.9656746475316887,38.6121711730957,0.004090488888323307
file_brain_AXT2_210_6001568.h5,5,0.9670459087722627,39.196285247802734,0.004257643595337868
file_brain_AXT2_210_6001568.h5,6,0.9658855810778895,39.242183685302734,0.004333897028118372
file_brain_AXT2_210_6001568.h5,7,0.9662093752572086,39.56693649291992,0.004336015786975622
file_brain_AXT2_210_6001568.h5,8,0.9656076479180628,39.34111404418945,0.00430001737549901
file_brain_AXT2_210_6001568.h5,9,0.9644777444905658,39.865779876708984,0.004019771236926317
file_brain_AXT2_210_6001568.h5,10,0.9636487713230774,39.99637222290039,0.004000677261501551
file_brain_AXT2_210_6001568.h5,11,0.9635650638810798,40.53244400024414,0.004346034489572048
file_brain_AXT2_210_6001568.h5,12,0.9670835628985953,41.47414016723633,0.003662675153464079
file_brain_AXT2_210_6001568.h5,13,0.9696466395265119,42.39699172973633,0.003708617528900504
file_brain_AXT2_210_6001568.h5,14,0.9703920780483762,43.3601188659668,0.004699804354459047
file_brain_AXT2_210_6001568.h5,15,0.9720111105721393,44.45000076293945,0.006920614279806614
file_brain_AXT2_210_6001570.h5,0,0.9500947542189102,37.28089904785156,0.00592457689344883
file_brain_AXT2_210_6001570.h5,1,0.9530107747145933,37.66596984863281,0.005239011254161596
file_brain_AXT2_210_6001570.h5,2,0.9560268889729119,38.14634704589844,0.004589906893670559
file_brain_AXT2_210_6001570.h5,3,0.9581958095325398,38.46394348144531,0.004837929271161556
file_brain_AXT2_210_6001570.h5,4,0.9597132369039879,38.99006652832031,0.004710630048066378
file_brain_AXT2_210_6001570.h5,5,0.9612773214001484,39.19487762451172,0.00470460020005703
file_brain_AXT2_210_6001570.h5,6,0.9616249396764094,38.921539306640625,0.0045505850575864315
file_brain_AXT2_210_6001570.h5,7,0.961752320035835,39.072174072265625,0.004391408059746027
file_brain_AXT2_210_6001570.h5,8,0.9616597805468625,39.152503967285156,0.004230019636452198
file_brain_AXT2_210_6001570.h5,9,0.9596325599534635,38.93292236328125,0.004616441670805216
file_brain_AXT2_210_6001570.h5,10,0.9585060001358371,38.894508361816406,0.004694327712059021
file_brain_AXT2_210_6001570.h5,11,0.9590284484097688,39.51434326171875,0.004627216141670942
file_brain_AXT2_210_6001570.h5,12,0.9605530275500447,39.97100830078125,0.004942979197949171
file_brain_AXT2_210_6001570.h5,13,0.9622108986117227,41.33418273925781,0.006283777765929699
file_brain_AXT2_210_6001570.h5,14,0.9654274084528784,42.775474548339844,0.009479190222918987
file_brain_AXT2_210_6001570.h5,15,0.9721236093435747,45.275054931640625,0.01803026907145977
file_brain_AXT2_210_6001888.h5,0,0.9554271589200026,36.3674201965332,0.004386828280985355
file_brain_AXT2_210_6001888.h5,1,0.9580230488485623,36.44514083862305,0.004121370613574982
file_brain_AXT2_210_6001888.h5,2,0.9558179430958799,36.212642669677734,0.003940648399293423
file_brain_AXT2_210_6001888.h5,3,0.9571293489515832,36.49518966674805,0.003760780906304717
file_brain_AXT2_210_6001888.h5,4,0.959577864104473,36.54829025268555,0.003398298053070903
file_brain_AXT2_210_6001888.h5,5,0.9622151504134226,37.29732894897461,0.0032663494348526
file_brain_AXT2_210_6001888.h5,6,0.960585161260031,37.17110061645508,0.003259875113144517
file_brain_AXT2_210_6001888.h5,7,0.9604723945997768,37.57509994506836,0.003133045043796301
file_brain_AXT2_210_6001888.h5,8,0.9601705772300919,37.28449630737305,0.003177294274792075
file_brain_AXT2_210_6001888.h5,9,0.9596786040105241,37.53292465209961,0.003091186983510852
file_brain_AXT2_210_6001888.h5,10,0.9590000291224213,37.13664627075195,0.0031808079220354557
file_brain_AXT2_210_6001888.h5,11,0.9606240136648693,37.86970901489258,0.00281618838198483
file_brain_AXT2_210_6001888.h5,12,0.9618888505100752,38.22073745727539,0.002631664276123047
file_brain_AXT2_210_6001888.h5,13,0.9634074717938476,38.73172378540039,0.0027084737084805965
file_brain_AXT2_210_6001888.h5,14,0.9631463616642587,39.35615158081055,0.003871238324791193
file_brain_AXT2_210_6001888.h5,15,0.9651534671960308,41.43801498413086,0.006265959702432156
file_brain_AXT2_210_6001894.h5,0,0.9596069508164706,36.87159729003906,0.004912863951176405
file_brain_AXT2_210_6001894.h5,1,0.9625894174105531,37.10319519042969,0.004553992301225662
file_brain_AXT2_210_6001894.h5,2,0.9666901268887644,37.410621643066406,0.0038023178931325674
file_brain_AXT2_210_6001894.h5,3,0.968517450435118,38.00140380859375,0.0034643427934497595
file_brain_AXT2_210_6001894.h5,4,0.9705893086992502,38.429954528808594,0.0033220078330487013
file_brain_AXT2_210_6001894.h5,5,0.9710885694375134,38.762855529785156,0.003371548606082797
file_brain_AXT2_210_6001894.h5,6,0.9704758692724329,38.63092803955078,0.003255310468375683
file_brain_AXT2_210_6001894.h5,7,0.9700203664314575,38.56884002685547,0.0030613248236477375
file_brain_AXT2_210_6001894.h5,8,0.9690553028255464,38.18927001953125,0.003066008910536766
file_brain_AXT2_210_6001894.h5,9,0.9656911782232727,38.091758728027344,0.003308358369395137
file_brain_AXT2_210_6001894.h5,10,0.9667114555995919,38.282806396484375,0.0032157180830836296
file_brain_AXT2_210_6001894.h5,11,0.9681028214943962,39.009368896484375,0.0031717587262392044
file_brain_AXT2_210_6001894.h5,12,0.9657499273694716,39.170188903808594,0.0036050069611519575
file_brain_AXT2_210_6001894.h5,13,0.9665904028721277,40.48072052001953,0.0038119859527796507
file_brain_AXT2_210_6001894.h5,14,0.9698300677486269,42.57312774658203,0.005355284549295902
file_brain_AXT2_210_6001894.h5,15,0.9774304226531269,46.055335998535156,0.019856568425893784
